dia_semana,franja_horaria,ordenes,unidades,monto,dias_en_periodo,promedio_unidades_por_dia
Lun,Morning,27,225,8245,52,4.33
Lun,Afternoon,33,280,10660,52,5.38
Lun,Evening,21,135,4820,52,2.6
Lun,Night,31,286,9910,52,5.5
Lun,Midnight,29,237,7295,52,4.56
Mar,Morning,17,149,5150,52,2.87
Mar,Afternoon,25,223,7290,52,4.29
Mar,Evening,25,209,6900,52,4.02
Mar,Night,26,214,8250,52,4.12
Mar,Midnight,29,253,8495,52,4.87
Mié,Morning,26,214,6635,52,4.12
Mié,Afternoon,35,313,9455,52,6.02
Mié,Evening,36,276,8845,52,5.31
Mié,Night,32,278,9715,52,5.35
Mié,Midnight,30,204,5730,52,3.92
Jue,Morning,26,253,7820,52,4.87
Jue,Afternoon,30,287,10260,52,5.52
Jue,Evening,31,231,7820,52,4.44
Jue,Night,23,196,7890,52,3.77
Jue,Midnight,26,176,6115,52,3.38
Vie,Morning,32,238,7820,52,4.58
Vie,Afternoon,22,161,5210,52,3.1
Vie,Evening,30,249,8095,52,4.79
Vie,Night,25,208,7295,52,4.0
Vie,Midnight,25,207,7630,52,3.98
Sáb,Morning,23,178,6430,52,3.42
Sáb,Afternoon,30,234,7090,52,4.5
Sáb,Evening,26,198,7080,52,3.81
Sáb,Night,40,313,9325,52,6.02
Sáb,Midnight,31,251,7985,52,4.83
Dom,Morning,39,317,11630,52,6.1
Dom,Afternoon,30,216,6380,52,4.15
Dom,Evening,32,242,8795,52,4.65
Dom,Night,28,264,9690,52,5.08
Dom,Midnight,29,247,7475,52,4.75
