periodo,demanda_unidades,preparado_unidades,merma_unidades,demanda_insatisfecha_unidades,venta_simulada,costo_merma,venta_perdida,cmv_pct,tasa_desviacion_pct,tasa_merma_pct
2022-04,367,483,390,274,3465.0,5705.0,7705.0,164.65,180.93,80.75
2022-05,826,829,572,569,7830.0,6399.75,18740.0,81.73,138.14,69.0
2022-06,482,707,553,328,5820.0,6294.75,11515.0,108.16,182.78,78.22
2022-07,598,771,569,396,6840.0,6828.5,12650.0,99.83,161.37,73.8
2022-08,743,786,562,519,5970.0,6629.0,16335.0,111.04,145.49,71.5
2022-09,554,810,605,349,6090.0,6947.5,12550.0,114.08,172.2,74.69
2022-10,812,869,586,529,9120.0,7014.0,18085.0,76.91,137.32,67.43
2022-11,682,867,657,472,6860.0,7546.0,16040.0,110.0,165.54,75.78
2022-12,754,885,614,483,8050.0,7619.5,15410.0,94.65,145.49,69.38
2023-01,788,975,668,481,11120.0,7404.25,17550.0,66.58,145.81,68.51
2023-02,695,884,647,458,8785.0,7714.0,16810.0,87.81,158.99,73.19
2023-03,725,896,657,486,8785.0,8457.75,16605.0,96.27,157.66,73.33
