nivel,clave,demanda_unidades,preparado_unidades,merma_unidades,demanda_insatisfecha_unidades,venta_simulada,costo_merma,venta_perdida,cmv_pct,tasa_desviacion_pct,tasa_merma_pct,participacion_costo_merma_pct
Total,Total,8026,9762,7080,5344,88735.0,84560.0,179995.0,95.29,154.8,72.53,100.0
Categoría,Fastfood,5421,6690,4925,3656,59090.0,59745.0,124610.0,101.11,158.29,73.62,70.65
Categoría,Beverages,2605,3072,2155,1688,29645.0,24815.0,55385.0,83.71,147.52,70.15,29.35
Ítem,Sandwich,1021,1379,1067,709,18720.0,22407.0,42540.0,119.7,173.95,77.37,26.5
Ítem,Frankie,1148,1361,984,771,18850.0,17220.0,38550.0,91.35,152.87,72.3,20.36
Ítem,Cold coffee,1327,1583,1135,879,17920.0,15890.0,35160.0,88.67,151.77,71.7,18.79
Ítem,Sugarcane juice,1278,1489,1020,809,11725.0,8925.0,20225.0,76.12,143.11,68.5,10.55
Ítem,Panipuri,1215,1413,1002,804,8220.0,7014.0,16080.0,85.33,148.64,70.91,8.29
Ítem,Aalopuri,1034,1295,947,686,6960.0,6629.0,13720.0,95.24,157.93,73.13,7.84
Ítem,Vadapav,1003,1242,925,686,6340.0,6475.0,13720.0,102.13,160.62,74.48,7.66
